date,Instagram_spend,Google Search_spend,YouTube_spend,Influencer Networks_spend,E-commerce Marketplaces_spend,TikTok_spend,Programmatic Display_spend,total_conversions
2025-05-30,54967.14153011233,45987.79528114164,51958.452550976814,49192.83419891418,47909.76742713975,64109.3237974627,54258.87206193036,1760
2025-05-31,48617.35698828816,52240.92481810417,40216.27222384968,59163.276747024815,41494.795457907,57082.14423256557,50191.47777415752,1803
2025-06-01,56476.88538100693,50125.92400781795,54082.52755714472,53464.884758979926,44194.765501952774,52332.16131263501,43585.1309095569,1826
2025-06-02,65230.29856408025,50976.76098548832,32974.1639576216,59980.101098596526,55885.7840442061,59531.36633913245,54878.72284871074,1846
2025-06-03,47658.46625276664,42269.90216144534,60291.55637325643,21037.44621806311,66699.04504351407,52871.241652018245,68043.48109786744,1863
2025-06-04,47658.630430508194,50245.101742589424,54725.97482413043,70883.74704780728,53946.715298229814,43875.62625359562,48090.96208272701,1869
2025-06-05,65792.12815507391,54979.9829124545,52560.29734313876,48604.10371844826,38041.169379648156,53615.03525206102,57197.579421481816,1873
2025-06-06,57674.34729152909,64511.43607795042,59826.90983945514,61081.82816737516,54446.02668220141,38562.73792679339,37067.27042128836,1880
2025-06-07,45305.25614065048,59592.70826085207,66654.74444462577,39600.940728744696,61966.31486645651,51085.59705776523,40435.63623181991,1889
2025-06-08,55425.60043585965,71531.82457511556,60143.7006501813,56127.7390506257,43902.17095680618,49667.700093555395,54724.062778803775,1898
2025-06-09,45365.82307187538,42326.52437111951,31591.257686683548,39465.84436826344,48659.82833327082,47918.83142727461,64841.16028535965,1900
2025-06-10,45342.70246429743,58723.20636720678,37204.23033264298,43762.310393041946,50146.88194729197,48714.62488561069,53556.1334878566,1904
2025-06-11,52419.62271566034,51833.42005738352,43751.81422304321,69140.31353866786,42151.0168691776,31181.509545023608,46869.419694768454,1906
2025-06-12,30867.197553422022,71898.02933217672,50260.91050210834,48093.17599236654,56482.80433843859,44512.750922590385,49992.914054233544,1916
2025-06-13,32750.821674869672,41917.01714644849,55176.59020469123,52174.32873179723,48790.51851392219,50928.44901141115,37495.92266030282,1917
2025-06-14,44377.12470759027,41602.78157819224,42742.561868465345,58700.67730688754,54195.324439070275,51598.563919974,56045.15326355367,1929
2025-06-15,39871.68879665576,44006.073545559775,51867.66764477079,54956.818879726045,41125.078221979,39723.24859074042,58823.33062323409,1932
2025-06-16,53142.47332595274,28761.04275690193,42446.170676466776,51504.189051435766,45625.416996765896,62657.07840864701,45479.0966716692,1935
2025-06-17,40919.75924478789,44742.44978319239,43884.82197008052,53649.61002466225,57223.81357827771,41338.251517854995,45299.57852240498,1942
2025-06-18,35876.962986647086,42408.67338446302,35933.38903151778,74034.15585238276,46271.66847908233,59694.57200526737,52658.78229652048,1947
2025-06-19,64656.487689215544,51503.937864762076,40767.66753889096,49423.81202966414,67269.63851233406,54271.94361871685,45632.80263959405,1959
2025-06-20,47742.23699513464,53417.559757771596,36483.15394383666,52010.99046714968,46003.638143853976,43537.72690156197,49338.67385374178,1958
2025-06-21,50675.28204687924,68761.70839215886,40241.267470226674,60506.54396007612,52246.84725751886,67753.10892609513,70997.21789166515,1975
2025-06-22,35752.51813786543,59504.2383818605,60536.4179660784,61055.259329579836,59325.9083187309,38063.631682435196,47529.742992540036,1979
2025-06-23,44556.17275474817,44230.96344337597,40506.01111168057,61870.3030556038,35816.342670669685,59191.541736100015,46416.598479787775,1973
2025-06-24,51109.22589709866,41015.853286516416,76323.8206483739,56387.302220291844,32391.91188019224,60005.82318042978,43524.58194364841,1977
2025-06-25,38490.06422577697,54919.191715065055,54933.17900880889,38569.95087269516,34743.436854299056,43293.79790923355,57441.91971499937,1980
2025-06-26,53756.98018345672,36797.66792979358,51848.36123694874,66334.31532301096,62625.84103427182,63924.65300064329,48187.75826781897,1996
2025-06-27,43993.61310081195,68314.58765854353,41416.422198187865,38536.54606981312,44481.41854107553,47499.534854010475,43506.26961678574,1991
2025-06-28,47083.06250206723,61794.40120721287,57003.098794089914,53026.354652390335,75581.99285668253,52886.93629279857,63213.04032273012,2012
2025-06-29,43982.93387770603,45308.24347895295,44243.62173762226,42457.24149980642,44357.52401342611,52603.21838771221,64196.03004513637,2007
2025-06-30,68522.78184508938,32868.65470909122,51220.098146453616,49358.616534070075,51845.51303197037,48656.91258529452,43995.76434261295,2007
2025-07-01,49865.02775262066,63538.72374165413,75600.84538268794,53287.6241030348,65421.09952567876,58108.082731597824,31334.600486393836,2014
2025-07-02,39422.890710440995,48854.60154747382,49039.401002753504,53213.57215450273,70060.92888159123,57934.88720552213,60075.13689836922,2024
2025-07-03,58225.44912103189,62378.163119734614,61492.73326285676,54219.207542352844,70615.03576636397,32514.68026761819,43153.701742399964,2025
2025-07-04,37791.563500289776,34055.72341205633,42968.23574874113,66137.11269058647,62083.66230593142,63043.40242878153,57906.25599162769,2028
2025-07-05,52088.63595004755,44006.24977046227,49650.115095030385,54535.3430151398,60240.625258114625,33375.08011964326,30298.961822881643,2018
2025-07-06,30403.298761202244,50052.43699718183,67708.0063563551,47558.433647093516,55925.26949201183,60325.46204341657,58925.97338299309,2027
2025-07-07,36718.139511015695,50469.80593764742,43730.329422122326,59640.871682883575,57783.61076166638,61267.05136827583,37888.280707192185,2023
2025-07-08,51968.612358691236,45499.345285207564,68124.48557996929,61894.70488924641,44488.142836714665,39090.335697848015,57307.64119066524,2028
2025-07-09,57384.665799954106,56228.499323474985,57077.51935455475,37723.921848630074,41818.01116577693,45891.85712045415,50142.73067836434,2025
2025-07-10,51713.68281189971,39323.79570617406,44375.332241057324,55974.00069849858,49966.25542589048,38942.95331514064,40460.60580603355,2023
2025-07-11,48843.517176117595,48576.20514978706,56324.07739055521,57011.72742310898,48298.15377475072,47850.78969711265,45929.636870732196,2026
2025-07-12,46988.96304410711,51202.95631711899,59725.5444962673,47024.364966400084,45467.71950672725,46919.65715814259,56863.184569567005,2030
2025-07-13,35214.780096325725,55144.38834058749,56218.09962217196,63757.06813311619,56963.87447456715,57796.6053226934,51058.944531152345,2036
2025-07-14,42801.557916052916,57116.1487808889,34297.752801095434,48499.44412967473,59553.05208570511,63103.08746119608,55844.12980472484,2035
2025-07-15,45393.612290402125,38753.57908162131,42728.628241751314,51255.764534715425,50884.06886291847,63956.83810789956,69764.40584515486,2037
2025-07-16,60571.222262189156,34658.85829264378,47524.81364448495,48269.281757161305,64775.30081055262,44378.31973421698,34357.583882889485,2030
2025-07-17,53436.182895684615,62776.76821898509,49255.665708999535,50155.790475814676,38583.10885866495,47907.78126255472,66172.12574968624,2031
2025-07-18,32369.59844637266,53323.14011979592,56206.72097550678,39037.24913104798,48063.405407202816,33165.618077790496,51043.55937523213,2026
2025-07-19,53240.83969394795,42515.134634434464,51777.01000933254,35599.49117405705,42831.77679397195,41941.299335038115,41012.15951676872,2018
2025-07-20,46149.17719583683,65511.51975522523,36646.556412898986,65945.05063224972,31334.6338292694,59648.51633097458,36696.863742610105,2012
2025-07-21,43230.779996940415,51156.746342928585,53801.978510059635,41530.386516816725,49173.19314157301,66155.82823548232,48108.79609222966,2021
2025-07-22,56116.76288840868,61792.97184063826,56105.85745283823,40086.076505436926,48782.52491616717,37656.51128120078,59216.501119244596,2025
2025-07-23,60309.99522495951,50675.18481410109,55597.9044793104,28466.098863962852,65134.49743242131,44075.357408471056,48724.508796224654,2025
2025-07-24,59312.80119116198,70607.47924881987,60807.80725554622,43610.38252310498,56308.116845547775,49735.94243041073,65111.549302473475,2031
2025-07-25,41607.824767773614,67553.40842443204,58339.22154548904,36769.10206592502,39758.13175670795,52801.611588196065,35488.24309948441,2014
2025-07-26,46907.87624148785,47510.358515209264,54591.80079228437,66420.15160136369,68540.92566334188,41903.964800783535,49879.11052153946,2023
2025-07-27,53312.63431403564,59715.70950954355,49298.34288541353,60098.170893426344,62210.33695525353,54240.6104446409,37476.06555586881,2017
2025-07-28,59755.45127122359,56453.759495851475,33390.39066484009,43118.49654822276,55820.977034686155,45261.60652929084,53636.31882624968,2012
2025-07-29,45208.2576215471,63686.31557532349,54296.18219132586,72524.35805344308,47735.15901150168,49855.47729121721,58868.873900973005,2013
2025-07-30,48143.41023336183,40350.765394198956,52076.87687163111,59817.65486991595,40405.607632765204,55462.842480037,45792.38206318947,2002
2025-07-31,38936.65025993972,56860.514599984395,52715.788371953735,46751.68616491377,46277.93223928947,50064.22269810938,23957.861433728656,1987
2025-08-01,38037.93375919329,60584.24486849588,37232.514241796904,25005.94285126427,60887.48619704186,45636.14109473431,51989.48146796494,1989
2025-08-02,58125.25822394198,32412.605135768856,39189.43459591738,72909.42572590742,68845.8630593461,48903.90196074169,54367.3855173351,1996
2025-08-03,63562.40028570823,38167.41487334225,60531.52853332904,36104.275332364035,65432.43528272189,49116.37040794665,54042.947549616976,1994
2025-08-04,49279.89878419666,29607.678222398994,49604.44846143345,33546.01253043108,45111.50578213726,46299.88970117872,62357.82191822154,1983
2025-08-05,60035.32897892024,47305.93165555442,56815.006973726246,60225.7043200964,38803.825667109886,47412.039373328975,39289.46320350951,1973
2025-08-06,53616.36025047634,57175.422557959624,50283.18376130461,74397.52406339273,51408.86246911204,65986.47170504717,56802.1610545045,1980
2025-08-07,43548.80245394876,65023.57052096028,50297.561394957454,63842.72818510518,32315.606344371485,55609.194479412385,61925.075124779745,1971
2025-08-08,53613.95605508414,50740.94780419775,59382.838059759975,55639.091200523595,53231.67714184782,47045.1968197084,32214.124159934832,1963
2025-08-09,65380.365664659694,66286.15545571291,44839.552717826264,55947.54341665286,48523.97413701331,56969.54404510736,53196.518259189776,1963
2025-08-10,49641.73960890048,36198.98541785109,50961.20776940983,58534.15558780308,45339.63498131758,46661.8051024399,44958.201689923284,1952
2025-08-11,65646.43655814006,32966.17560644845,45377.247112949575,57589.28589786765,34052.969327332044,61731.24637586641,49184.77326898354,1942
2025-08-12,23802.548959102558,49444.52301103381,45655.03772567684,52811.91423969376,55136.001065697164,53696.42192198094,53476.764835383365,1941
2025-08-13,58219.02504375224,53840.65448939307,46908.278765313604,51042.01103951876,44672.991603380884,48926.97855995771,45127.714358864476,1932
2025-08-14,50870.47068238171,49673.05251905907,52221.337716337126,49374.068721004776,38300.831642897116,54477.169258102775,43242.91920838388,1923
2025-08-15,47009.92649534132,29325.578999601235,45212.513783365226,42460.35411133324,21277.377867183506,34291.238479315005,50341.524174880244,1903
2025-08-16,50917.607765355024,49108.79960487212,62557.56125573521,47193.24923133226,49724.85094949364,38732.32531090195,39127.54061137197,1907
2025-08-17,30124.31085399107,36955.30499495147,41053.926977804964,33070.43185804614,67722.51596669744,38060.749936009444,39141.748711148146,1901
2025-08-18,47803.28112162488,56696.725488300384,48131.28355838641,49016.6037320525,66612.5921454787,51429.43094763707,56793.73282956504,1907
2025-08-19,53571.125715117465,53665.98246096848,45602.689417258254,40114.088928490826,45429.03743413728,67325.14999485092,38512.05964841344,1893
2025-08-20,64778.94044741516,40601.202136726446,64469.77884353733,38964.10682784229,43977.879396382195,72313.00146192632,56663.12500909212,1894
2025-08-21,44817.29781726353,44861.330826633064,51965.54776511575,51798.94151153479,54687.74256075024,56380.51101440757,54625.91292853951,1890
2025-08-22,41915.06397106812,39407.86478111048,60318.44539468635,63920.02286344599,40016.14560811708,55008.44474944457,32741.932712094032,1873
2025-08-23,44982.429564154634,49373.20902726828,35144.39626963028,59183.166060023126,53017.91899819466,31989.42265847261,43224.353476643446,1865
2025-08-24,59154.02117702074,59551.42320501238,52670.50265869259,34294.993963768226,57660.8027838469,44573.26200265978,61941.09403047372,1868
2025-08-25,53287.51109659684,40142.73953664456,58896.30795623437,40103.71863429662,62269.332238843075,42122.162480917614,40188.34468860318,1858
2025-08-26,44702.39796232961,55040.46515517844,50822.839892754244,59407.71187988216,48998.45923520047,43791.52401748884,45355.957376906124,1850
2025-08-27,55132.67433113356,44697.423816275594,60654.80375065351,40175.1260646169,47963.26249823034,48318.561814152104,54620.60893251897,1845
2025-08-28,50970.7754934804,42071.27167737656,44827.11549899628,47753.66850002975,41220.17413243439,45279.094223028726,57833.90509282595,1835
2025-08-29,59686.44990532889,48929.69640045442,64093.4744018558,55500.52099024552,41731.1964596014,30207.001896242124,47484.61113955504,1827
2025-08-30,42979.469061226475,39647.57677580626,72988.9812361925,40316.555451363645,47735.21108098473,57479.102561175336,44024.89805308358,1822
2025-08-31,46723.37853402232,44463.50694652818,46371.61439560341,51053.7550614596,53673.65506816178,39272.56974260193,64223.69861698508,1820
2025-09-01,46078.91846867842,38021.22107411151,45544.97478599228,36659.74505081795,59135.846262332496,52392.468641111496,67388.9966379758,1815
2025-09-02,35364.85051867881,69647.25132916389,64533.84477117701,43986.323560487865,41968.21049319655,70740.82669749974,59788.580507817955,1808
2025-09-03,52961.20277064576,50352.63551971729,65795.72145730713,53197.81934142537,64926.88568959522,40806.154084135764,50853.18142565024,1806
2025-09-04,52610.55272179889,43002.74492007415,44771.39972846732,34070.06266468331,47288.76398957431,24697.124772536703,41917.342783590735,1783
2025-09-05,50051.13456642461,52139.799107342216,45798.13182904143,54404.74737960399,49786.32705651564,47139.95778119889,41695.55593443435,1777
2025-09-06,47654.12866624853,48876.7195030917,47182.153911394926,49803.62201073319,42527.883208521765,61009.59634998571,55225.14105265758,1773
2025-09-07,35846.29257949586,47790.30400466777,36555.49488965723,55524.89954417148,25757.597397270583,69583.47454220593,54183.98220888684,1758
2025-09-08,45793.54677234641,56141.66700043425,40813.480535158014,52239.141340646616,58840.4539636105,37704.50405547583,64015.985929464296,1764
2025-09-09,46572.85483473231,57575.07710047305,39958.592332479326,63641.40429973844,57368.43897092433,54966.99223236521,56504.50092536139,1761
2025-09-10,41977.22730778381,44694.988523894724,42322.024348958716,51252.245026479075,47186.72442881786,45346.89543219947,34969.196982401816,1742
2025-09-11,48387.14288333991,44241.8175935532,49653.15112613219,45705.94458874747,50669.90717224872,48940.51645695864,60519.47617722918,1743
2025-09-12,54040.508568145386,47249.48302848356,52342.14732536521,51222.975030322836,55159.392177040994,76443.43347017035,40019.39372685587,1738
2025-09-13,68861.8590121053,26980.78835264415,65505.00492814077,55432.98029036388,34374.541431134574,34970.29671604847,46160.287280476485,1727
2025-09-14,51745.77812831839,34848.089378014476,40016.45959261209,50488.60070325704,44709.473226537055,52537.396614945734,52502.00206251694,1721
2025-09-15,52575.50390722764,63668.742674445246,59843.223984765835,50405.916912038825,57942.64679621827,54676.93171765433,69956.67489783964,1730
2025-09-16,49255.54084233833,66449.67713501284,47860.11155774491,42980.08312193245,37457.105768307505,60857.86324939347,81099.18556005361,1723
2025-09-17,30812.287847009586,47509.63960443622,49505.362903475674,43370.99082449052,52935.57932166629,50979.83153470895,56067.230591361826,1713
2025-09-18,49734.86124550783,55765.569630557664,56748.194921666036,35973.947282003064,36434.18195376595,53080.50539504102,48168.03381279612,1699
2025-09-19,50602.30209941026,53112.50154543536,38772.77978437701,67495.76743186939,54664.29982433526,46083.51432578209,55345.0564848055,1700
2025-09-20,74632.42112485286,80788.80808455238,53824.09746184051,37561.36764608715,49643.58517702516,52691.269412451074,58876.55425873836,1700
2025-09-21,48076.39035218878,61195.74911434577,51664.52208213056,43070.948022040924,33848.681840944904,46568.077245025896,46793.32374442808,1684
2025-09-22,53015.47342333612,48720.82408519233,54924.51264008149,42815.927344308024,61647.393544571714,56215.71889856051,67952.11355912322,1694
2025-09-23,49652.88230294757,40444.59559399574,52891.686439078185,58949.24376944441,42654.08423201951,46303.89663956366,52300.70759191402,1682
2025-09-24,38313.21962380468,33935.536797424276,74553.00139910894,47050.50321707972,41897.47562985619,53771.003939021866,54977.43089091394,1676
2025-09-25,61428.228145150206,52034.63635867223,43622.60015748684,62477.42072673734,52005.691972309425,49707.37186315022,56659.24252054461,1676
2025-09-26,57519.33032686774,42436.492547156966,44690.03044998182,43265.09375756131,61486.37349428715,61260.502507721685,54215.86610614456,1673
2025-09-27,57910.31947043047,35777.462904023254,43768.594735752355,52789.94162223802,39841.78181021603,49486.06276411514,58389.40500469612,1663
2025-09-28,40906.12545205261,43534.27115757474,44445.228808397456,41646.529467402426,50616.798498479715,32269.675317931185,43827.46813453077,1652
2025-09-29,64027.94310936099,39184.51996385605,43626.128726934825,71451.49127773388,54288.16500330573,62619.215007139916,44416.98246053969,1655
2025-09-30,35981.489372077194,66871.41635072565,61890.165311075514,38124.01580970487,56931.05607263144,40942.67699137381,38998.45767028305,1650
2025-10-01,55868.570938002704,58816.397569494504,64205.04247989855,53098.20710227027,51764.415552772254,43462.3366135118,54395.01230620226,1653
2025-10-02,71904.5562580998,49920.27358683383,44292.53706250524,56337.76880932099,46329.72160916678,44043.38705956508,57789.36503512114,1651
2025-10-03,40094.63674869311,64799.44138890026,41676.44426895771,54137.990974514985,41724.0977935128,63744.380931708176,54577.72866151886,1645
2025-10-04,44337.02270397228,50773.68307647618,54714.15556386404,48147.123411222914,50861.43883046375,28643.257860213045,66744.92433347537,1646
2025-10-05,50996.51365087641,41387.157986717364,44477.76955719029,48701.79300266574,39278.60988014393,81377.48533659993,49944.03981170953,1638
2025-10-06,44965.243458838006,65231.240772696576,56329.318177555106,50438.1147197911,20786.495165053926,60560.56809066052,56687.41655592513,1629
2025-10-07,34493.36568933867,55389.10043684659,52029.230208513,48529.979983715115,54365.598041576675,52232.3891412916,39082.99123860686,1632
2025-10-08,50685.62974806027,39627.538456735434,34842.55885002768,59638.79116794909,59039.34841086195,49451.05999383714,46129.00297525599,1633
2025-10-09,39376.962862738954,48096.61321916392,65475.052013300614,72105.23001591352,26370.675644581617,52855.54074857657,56955.377575657774,1629
2025-10-10,54735.924306351815,41243.817466152424,67958.77673095521,44425.08214992166,39902.69295290062,55211.22428379338,58491.02110743144,1632
2025-10-11,40805.75765766197,36172.00269035664,43872.113095156135,36301.970204209225,56191.542610051976,56452.15585950057,47060.33052335818,1630
2025-10-12,65499.344050175394,59261.77547531641,46122.98440064016,49117.17951648745,70574.95469711699,55556.04466003449,49284.00748141933,1638
2025-10-13,42167.46707663763,69094.1664047013,52858.65390724905,75797.09337654318,50207.93707675408,50895.80681255249,34821.262533191904,1632
2025-10-14,46779.384837943246,36014.324261808586,53344.56789987025,41963.254320302694,42719.97058770865,48026.61579692674,46429.70799193391,1626
2025-10-15,58135.1721736967,55629.69236690571,56585.4427267283,66391.16805444067,48171.0355889516,48487.26716346488,58903.83163519786,1636
2025-10-16,37691.35683566045,43493.57430878173,70102.0453876635,66777.0081407644,63748.76419148185,48050.91719647319,55752.050161065665,1643
2025-10-17,52274.599346041294,45128.74616235304,48230.5277250595,44464.11758292005,43540.358208754646,61337.700968670644,55006.6572138121,1636
2025-10-18,63071.42754282428,44076.06075761131,42017.02755461546,55689.83079185276,42008.079933497465,55935.56722280862,50497.736871809604,1633
2025-10-19,33925.167654387726,41360.09230320184,36206.807719854725,66283.96623128538,45172.56477817967,20596.1136533572,50070.631586281765,1626
2025-10-20,51846.33858532304,50485.21627944827,42690.69960058081,46208.72259012513,40466.713917412875,56559.00776529761,43396.78860526553,1625
2025-10-21,52598.82794248423,41690.49883588962,49668.73027126203,47964.19639897638,51226.70315994795,51947.36194718775,56988.284202025345,1635
2025-10-22,57818.228717773105,52704.56825779839,67945.57863517788,44183.19086051356,66246.7845846956,49812.912435541024,54209.7294438939,1648
2025-10-23,37630.49289121918,49497.61890550863,44823.88700963829,39852.43269307133,53230.79273116029,46114.81546911114,54920.188479927994,1643
2025-10-24,36795.433869157234,47610.5195313359,52237.87951638899,43507.22454933993,47476.46497873712,61241.12719986014,44739.6515733242,1641
2025-10-25,55219.415656168974,40924.36337958402,49835.77103927248,37760.59733237744,47081.88731084456,59475.264621228576,28466.570801287555,1634
2025-10-26,52969.84673233186,44232.286694316674,61883.93273448084,50340.83468259226,34368.09191303343,42271.22332176391,60971.527117536956,1644
2025-10-27,52504.92850345877,57553.91225825756,75269.32425873622,42300.26768941358,58831.09777147159,54070.52287124535,45211.62543991596,1656
2025-10-28,53464.48209496976,55009.17187624381,44691.31227079679,52337.85911790748,49221.62802987198,40283.432654587144,41372.242359568794,1653
2025-10-29,43199.75278421509,40224.44755201449,45105.605574817775,34441.04353796373,48195.20086409374,36203.8183521107,56934.78911913994,1654
2025-10-30,52322.53697161003,50993.32305429226,60441.60877069072,53308.80232214457,81931.0756784486,43732.82775410035,46079.87360080871,1670
2025-10-31,52930.72473298681,57513.87123371789,56818.914896263115,58335.28961608925,52987.52908365686,58623.93472382759,60599.36384046622,1677
2025-11-01,42856.48581973632,33305.94718878628,68467.07325736033,30062.643574285445,42482.089499048154,59531.25045376087,56170.059495766975,1673
2025-11-02,68657.74511144757,55433.60192379935,55839.28185325964,53740.56569847572,45736.42403794457,55130.85420097293,56835.69323200478,1681
2025-11-03,54738.329209117874,43373.76241054153,46407.0790921294,62276.68992473292,61484.457091967546,57250.95786847997,36340.44288799466,1683
2025-11-04,38086.965027973514,55705.986685931595,55906.54830692309,37903.58981308794,51132.70410537764,55161.78287114958,62119.43985386401,1689
2025-11-05,56565.536086338296,42367.408434574834,61087.03580582907,66725.72386837704,35617.22021682633,43585.184047770475,52612.50531233856,1689
2025-11-06,40253.183297726784,31951.17899335481,58204.82181197364,54190.19009366045,59192.28934575203,54319.22544673941,46307.22860753797,1696
2025-11-07,57870.84603742452,33724.57562116838,55072.74031107298,42949.88144241591,43318.55914461006,58004.09525227682,51433.88467342251,1697
2025-11-08,61585.95579007404,50480.84946661382,60666.74689589154,49442.30922342294,68732.97776217546,57542.91329813574,32237.6476710168,1706
2025-11-09,41793.1768164829,52597.22501721482,61692.95590445673,55583.26912521722,60800.48065714649,61889.13371474643,54086.52811480671,1718
2025-11-10,59633.76129244322,40956.83374895591,63821.589910375274,50760.05391412412,45526.78104341249,57083.03847201064,39706.284918179284,1716
2025-11-11,54127.80926936498,56385.92458777374,56487.09887589642,55387.55992446369,62810.16361735113,53514.48207541583,36473.29714156465,1724
2025-11-12,58220.6015999449,33384.7993773104,48328.81919683146,40793.264069206336,50678.555105274034,60701.502383164276,34776.40813782109,1722
2025-11-13,68967.92982653948,49339.20201352683,51467.13686433323,51693.60824036078,58527.7367512222,49734.7874075094,61126.88374989925,1740
2025-11-14,47546.11883997129,37889.83800237543,62065.089665083564,35862.8550309502,54847.32817294475,41181.253487722825,43707.36606307211,1739
2025-11-15,42462.6383564251,43481.63892197841,41830.64329012764,48887.739386513,41536.43345009127,48369.33036056236,65337.27709916499,1744
2025-11-16,41104.85570374477,50473.98671316414,53686.733088729015,40960.9235853521,43564.50167682538,42550.97355193551,44641.98536947702,1744
2025-11-17,41841.89715034562,41395.866347160474,46066.61187672639,42644.70057410233,60299.60817581161,43248.21725025619,32926.42042407053,1747
2025-11-18,49228.98290585896,46154.44455770175,50287.44822934818,62360.93175210437,46652.24667893459,48554.813292844825,38834.75560051341,1754
2025-11-19,53411.519748166436,60062.92809214441,62784.51862607299,60913.10120594269,45963.51536758003,42075.80079000039,62358.11620006939,1772
2025-11-20,52766.90799330019,44231.081304768515,51910.99068019904,56091.38120907177,40448.77420650647,46920.3847036096,48441.01822063333,1774
2025-11-21,58271.83249036024,58356.921120651416,50464.36548156149,39076.87235327421,54235.99065593461,31063.853330462145,44517.12703509399,1780
2025-11-22,50130.01891877907,38702.93145342382,36401.43859020081,46835.91550305198,70625.24919243145,52132.93707372939,51600.18225852788,1792
2025-11-23,64535.34077157317,55298.04177915283,57462.53566027221,62130.976999791834,39324.67085745727,50012.054753622244,55017.82736167545,1799
2025-11-24,47353.43166762044,64415.686206579005,56454.841811410755,51417.16913639905,50242.19456672758,41829.113689318096,61173.98815902461,1809
2025-11-25,77201.69166589619,25283.554998727108,71632.5472330546,73193.29539981694,64122.205554154294,56592.456684324054,64484.99229892926,1829
2025-11-26,56256.67347765006,42031.04744529523,46922.21765046999,53933.178393943715,49203.58608754285,59375.701376265584,46402.31354210914,1825
2025-11-27,41428.42443583717,55770.7212718054,52191.50327663939,51920.49116490032,54523.717962497336,33924.401356310256,36739.52313917962,1823
2025-11-28,39291.075019388874,47969.54613957007,52493.836837107556,46908.83535797499,39376.064718531205,42372.75221433786,45865.34838876724,1823
2025-11-29,54824.72415243185,53711.45873371309,65774.53279763475,51335.409047822825,54283.070972076486,42308.57650212702,52602.80506582886,1840
2025-11-30,47765.372146741494,43960.148132841794,49047.04467613048,48475.30163619456,48128.55734995451,40600.96898891135,40362.41073789389,1840
2025-12-01,57140.00494092092,50865.897874729,52790.21525770339,57081.08676688591,59857.299956798626,58294.74841931748,40428.49085104957,1852
2025-12-02,54732.376245735446,48443.227646079205,56078.96509716539,59567.02316794584,61873.86051564751,48061.73861227196,53437.87881549886,1866
2025-12-03,49271.71087343127,61677.820616598074,51866.09123156358,42140.10539492051,75895.63642018614,47354.85158689389,49513.47648429549,1875
2025-12-04,41532.06281931595,52544.20843301213,45535.66385449472,36687.67046442222,55796.33173213575,29961.376355932465,50327.96995411586,1872
2025-12-05,34851.52775314135,53376.02662075202,51940.899928983075,31637.946268967033,53257.96316582167,56354.18030209227,42415.04665299931,1874
2025-12-06,45534.85047932979,45881.23033877533,60736.317498597724,55079.913269125434,51943.84301577336,37607.416051465276,47695.99285794233,1883
2025-12-07,58563.98794323472,45123.93775927507,39734.8470058894,38966.33393826126,46468.33707189312,50599.326302663285,40757.66855731695,1883
2025-12-08,52140.93744130204,45674.41812180379,51329.69674146876,28471.09407047517,53384.83843461691,52773.769379581914,58901.98411124787,1896
2025-12-09,37542.61221288012,53944.52142378297,42998.791850608264,53885.786045309644,47045.9858986097,63606.58595838651,60352.49334723753,1906
2025-12-10,51731.80925851182,45790.15519179737,61950.46628924843,74929.99517432791,51684.60976269614,36911.79600880888,31538.121377619063,1909
2025-12-11,53853.17379728837,52897.74856896413,34768.13095216225,49939.29088460107,63175.975356079594,19804.878441791745,40704.891398075895,1911
2025-12-12,41161.42563798867,70754.00798645438,44410.78152728412,58384.907744516415,39934.57434720359,51838.495447536945,35034.70744909921,1912
2025-12-13,51537.25105945528,58711.247034316926,53772.11875064521,50818.29358547565,61398.785611290456,68005.11181510854,43499.760655931015,1930
2025-12-14,50582.08718446,46739.76467832159,65655.2402923434,49011.10346808857,63171.15067339865,62389.46352939437,49165.620302096395,1944
2025-12-15,38570.29702169377,62012.139221639445,49342.497389270124,59190.764829877684,48819.314730089216,52096.59415274626,35503.5478030147,1940
2025-12-16,53577.87360348283,45919.24626978449,44448.00473306802,47097.254558113484,28781.451009914053,45083.63814367953,40781.40186874687,1934
2025-12-17,55607.84526368234,29618.75464822146,68811.5706944059,52673.92314071903,43921.780129055674,58071.2259663731,39960.42627918501,1946
2025-12-18,60830.512431752766,39919.13689082596,35519.86099583756,53216.97806196014,62969.94546561109,40264.53800295531,52072.67329398944,1959
2025-12-19,60538.02052034903,31292.08078974144,28011.94043379918,43319.09546356951,49771.319377011176,54763.57769356219,50693.4433703625,1958
2025-12-20,36223.30632042909,46484.865159586916,54400.14450053332,59920.42349536523,40006.97767705089,55054.70159166627,42782.624466627465,1961
2025-12-21,40621.74960084877,50184.18379189551,44979.45775647389,48250.402433045914,44952.25078771783,60602.0990749888,51768.20872139398,1968
2025-12-22,55150.3526720866,66764.37312275282,39787.671828692866,42442.54840507155,58406.20026504553,77596.60038911077,44533.199154127346,1978
2025-12-23,55137.859509122085,53269.273737641626,57083.56447299353,55365.098435704036,55467.33568201379,53924.15967178767,47283.448896739465,1987
2025-12-24,55150.47686306048,47808.99471191136,52438.00713771199,41015.32018208963,47610.67900830306,44910.36374292501,66734.52090298537,1993
2025-12-25,88527.31490654721,58294.05581183489,44359.213692632715,50281.81157369128,46331.755881853125,49744.25687808006,63404.61051790348,1999
2025-12-26,55708.90510693167,27888.64690992115,37196.956013291056,49908.810033557966,46082.41850956178,32309.24095110882,37004.18763072402,1989
2025-12-27,61355.65640180599,52356.14558108566,58724.573282801444,60858.95565831578,40775.89815501498,43052.86868910942,58297.32417879174,1999
2025-12-28,59540.017634932025,57708.65193886967,56502.01177958661,54746.982328799524,66153.75689469442,45907.17561886896,58113.96554491592,2014
2025-12-29,56513.91251305798,35214.137542201584,49008.24136220617,49749.73041254856,46776.7953078866,44759.11602065407,38517.36711247382,2005
2025-12-30,46847.30755359655,61437.54043206929,68466.36996047666,58177.66299200287,62171.58520825497,51523.54872033722,58187.77643754861,2021
2025-12-31,57589.692204932675,53384.96407494414,39299.15233673847,63902.075490173134,65213.16051922451,41775.800676178,65379.31918412553,2026
2026-01-01,42271.74785462428,45847.120860991985,34744.748290752614,55578.103063518625,59983.1089814796,61210.30667324472,38774.551937555865,2018
2026-01-02,47631.813932599915,56327.81866106285,43080.919301187554,50103.52619843381,45683.79687281951,50002.07064918197,40824.971789857365,2013
2026-01-03,45146.364521708965,72706.92857804397,49544.13983644502,36881.6376764984,54037.30090336609,49906.996788613855,60176.614668435024,2022
2026-01-04,50818.74139386322,51818.66255058495,52433.394493226915,39348.863369246275,49758.043936090835,46721.052834870825,52714.95310825648,2023
2026-01-05,73146.58566673509,52482.20586300336,47587.6394214367,46947.752956453325,40962.98139269872,51551.90683858979,55514.76275239523,2025
2026-01-06,31327.348074082518,45406.39100459756,53520.55396514297,43904.87797840717,53243.59281721603,58250.98264667635,53405.89216400497,2028
2026-01-07,56862.60190374513,41501.55630535208,37484.60575809556,48130.28697014554,38209.602088401974,41328.69784289099,53906.95920928144,2022
2026-01-08,33872.84128810348,58303.358165442456,64437.646040732594,50566.49924897107,61876.79388461564,43418.83510924743,36735.27871688917,2027
2026-01-09,45280.681342105665,41439.161740911324,49178.488216074315,55296.927543567304,45353.82702701607,46962.73971223335,60473.177066214485,2029
2026-01-10,60889.50596967366,50715.662372193925,61172.958315881275,49295.01221940909,52011.59655872839,36541.290765267855,61695.899924277735,2035
2026-01-11,50642.80019095463,45223.42553234883,53427.253463777044,54865.01643826202,52832.87871546142,41807.421402785025,47706.092559319724,2032
2026-01-12,39222.55222070694,54789.79825746392,54567.53219153784,50644.7441481012,47410.950262959224,45237.79126455341,49565.23050186138,2030
2026-01-13,42846.96290740032,53336.62105286948,55697.67280232204,30245.33433646129,55866.93801475275,58743.89180712728,34688.92497444278,2025
2026-01-14,56795.977489346755,60375.39944257899,54477.08560017315,40606.646061812455,45250.963433774756,52625.613290019246,55142.54756017835,2030
2026-01-15,42696.333682828634,44899.83601145253,56427.22759867544,48559.12444278385,58712.97297457244,51935.89911367544,55720.57441714144,2035
2026-01-16,52164.58589581975,47301.250647066285,63291.52530132431,37903.05257158892,36540.203197532515,58508.979621679726,49378.08983000689,2027
2026-01-17,50455.71839903814,40212.362842176924,51965.2116970147,55999.287299962045,51263.79579546412,48626.282116006034,61243.53359870503,2033
2026-01-18,43483.99652394183,45557.067399238884,57090.03757588512,65307.508323436974,69389.28999058285,53904.648499288895,46659.2276902006,2036
2026-01-19,71439.44089325325,53773.00493044852,49102.64305712773,62187.61851697317,39996.686753944254,48967.78247067504,55646.059258936,2031
2026-01-20,56339.190223180114,57569.88616645352,64401.17215449473,47865.57129069792,43222.55029475148,52653.62349399628,39803.356613078846,2024
2026-01-21,29748.57413342393,40778.34675822375,43236.076979407306,64907.261368499516,55139.07849658915,44172.41342388418,49764.47849125762,2023
2026-01-22,51864.543147694276,58696.0592010566,68009.40432910816,51486.67457202112,51795.81781939598,25611.82841723571,48256.457420971645,2021
2026-01-23,43382.13535231612,63556.37858804951,49598.420493556565,46629.14028881961,53506.30099273559,48657.20837813696,52253.07922040942,2020
2026-01-24,58524.33334796224,54134.349032237005,35692.248978819516,43865.9733645906,54891.87130147663,64227.4813609994,46304.730711666416,2015
2026-01-25,42074.792615672995,68767.95812558066,51281.0441491079,46975.30313511872,56347.2146856177,59262.154022415925,48685.27404328332,2016
2026-01-26,48852.63558533101,42262.10800896427,43189.483425251194,46118.231814587714,61096.99841956223,59653.97484591171,58260.47171441506,2016
2026-01-27,55049.87278980457,37553.45296688583,58406.43548988724,51704.16222375488,54098.18656928513,62361.30721806218,45632.35762761783,2011
2026-01-28,58657.55194170121,32212.797510957214,43473.76020697609,51605.73981049865,47587.423453814576,50886.575909614374,33934.22899261321,1997
2026-01-29,37997.03592944224,64960.44311489183,45538.165667852205,50030.460201534144,56725.73701202731,51973.157074055955,67495.8390420542,2004
2026-01-30,46654.98764159052,56543.65656354058,31104.59269054469,54369.3816974635,68998.81934895215,43823.481045656496,63814.540786904865,2003
2026-01-31,45250.54688839044,49444.15329089545,45476.936807509235,61906.462747863414,48673.66253617426,46839.271439729506,37077.37304894382,1988
2026-02-01,43466.707674262885,52799.6862631982,25761.206733710434,59495.54135441324,40254.706953293586,56157.71149771142,56897.07805245194,1980
2026-02-02,67654.54240281097,38745.10952701623,34160.97176514276,35151.020315500966,61070.80669286973,62038.84437168816,44970.25229448657,1978
2026-02-03,54049.817109609554,74457.51979616826,57604.146561442976,24460.788650980452,48796.18836046402,48605.53724319,52634.87215331059,1976
2026-02-04,37391.16045664955,51292.21181975227,57858.001586508326,59343.19911239274,28273.304539859637,45498.10735148589,52942.24129013494,1967
2026-02-05,59178.61947054776,51093.94794604893,54254.575617849645,36331.21301584579,58474.216771504216,50005.27958856597,47655.92199683678,1969
2026-02-06,71221.56197012633,57257.666238986916,40330.23856870787,47752.345981073166,44646.71814046077,56012.06748929115,42162.34334413603,1961
2026-02-07,60324.65260551147,54810.09231736713,49522.8864385802,38298.86973940641,49094.66717695839,35561.45183866458,43094.589476837406,1953
2026-02-08,34806.300340459864,52238.84024279132,49963.974609094315,31980.1956241998,53319.80330569015,27038.190468627618,40838.08084518758,1943
2026-02-09,45157.659271337485,42095.25544554688,38416.353108074574,55414.62728204788,51904.99679779066,44494.631505084166,41681.77791769555,1938
2026-02-10,62669.11149186623,54714.68357135996,65033.983017671504,57591.55160302647,57094.518171390395,37792.87574085841,49328.217099506444,1943
2026-02-11,42923.30534381219,68820.24496475034,58773.62290575671,44234.8959927328,45645.13629430157,44918.598023526894,42842.400108892485,1933
2026-02-12,54438.19428146228,63454.20046154978,47790.35826170336,24089.5770785509,55131.05798176082,48522.196811825284,56820.520657126195,1930
2026-02-13,57746.34053429337,65931.86626639398,50268.85838994531,44537.55551747517,47404.53322416083,45467.51590976986,64872.46155335927,1928
2026-02-14,40730.69528421917,44887.843235688146,52083.82807947553,53918.04005402546,57388.10480887503,64524.67534470745,44199.46758629957,1922
2026-02-15,49404.746439382,40103.95179741419,29582.651315757095,35210.88431225871,56153.67484013054,53267.4476460232,52394.04500535377,1910
2026-02-16,17587.326599309275,48742.13079900352,47528.22617479403,51833.599197791555,40645.61297955405,53004.74359610828,54996.85110302934,1899
2026-02-17,39756.1235866571,50557.24912288695,43180.15752002201,49846.90150827004,60859.821161750326,56222.07144043402,54720.022709192745,1898
2026-02-18,47474.3184860684,60941.91518470948,39983.79990105084,55792.914996010884,44640.36554885952,38611.66882219231,50759.55267916087,1887
2026-02-19,37522.16818035151,33075.353702851804,47188.99707114045,51195.80368414153,58080.577982811454,60391.11787420268,57426.82418359722,1886
2026-02-20,66324.11303931635,65295.503194606135,67976.86526849522,40269.31059118445,53672.8731340134,49242.357134645405,54822.489526806574,1885
2026-02-21,35698.58622039367,48419.92101421011,56408.4286126701,61965.715016644914,68381.83676795123,56704.80617241212,37623.37577672702,1877
2026-02-22,45599.55513303016,45731.1893005258,44288.21010217203,48414.7042697303,47765.340176281476,39281.427669598444,58691.560643892735,1866
2026-02-23,51307.40577286091,39878.956247398324,55725.827813561584,49726.95460490068,46506.83203881802,34462.41233983936,58872.90837266742,1858
2026-02-24,64412.73289066115,33451.43328134231,63993.55436586002,40667.32040926804,49805.80394112267,58178.896580250286,42367.138958214186,1850
2026-02-25,35641.378488205606,58231.70583961914,59246.336829127686,45567.1774880849,46968.20217165725,53764.09526097517,50379.37835447602,1844
2026-02-26,61631.637521549594,50733.17967188404,50596.303699201744,41151.97285973099,57999.4190194205,40979.48445642489,56833.289928110695,1842
2026-02-27,50102.33061019587,37100.39100258946,43530.63222294426,48270.53940076577,33836.89391563412,41303.369187253054,47906.86180420638,1822
2026-02-28,40184.91348952049,37049.21227936384,56982.233136135896,67117.08480142344,39463.175808536456,61254.34784414769,60729.78047766012,1822
2026-03-01,54621.034742632706,46642.15300709872,53934.853854217494,36280.98857068644,39321.97078420807,38105.88107132672,73638.7249461936,1817
2026-03-02,51990.5969557347,66690.21525289393,58951.932200277326,33864.38602123259,59503.075919735755,66426.72953255964,42140.13967365018,1813
2026-03-03,43997.831228412055,47404.08648636395,56351.718016819694,64711.70327493609,67106.13372581925,40993.79265352131,36189.55396846225,1806
2026-03-04,50698.02084990019,34968.570468818936,60495.527153193354,47906.76322848134,48955.507814625285,56383.91925608383,53038.18595604876,1800
2026-03-05,46146.8640313824,47542.56935914056,44647.64788439432,43309.27261340083,48311.782768099896,46713.81524251015,57215.625051261435,1790
2026-03-06,51135.17345251248,47272.7643025233,63173.94065634326,60399.04687396076,50700.521631131815,56031.874310823434,47691.33626155231,1786
2026-03-07,56621.306745210466,23031.133570584283,51975.996046923996,43943.84460263136,61618.7830260819,44558.859978858076,64532.606633210344,1783
2026-03-08,65860.16816145352,49457.05133482188,70752.60872625266,68260.09713546936,40726.46865809426,48372.07093927706,36613.94200276751,1770
2026-03-09,37621.84501173151,47690.65469791322,43108.12181910432,56779.25871339269,52383.68982734785,50409.19175395721,56929.18623031611,1766
2026-03-10,71330.33374656267,56962.063648134186,67359.63803165249,45120.885918542976,59751.976297824294,39978.12544218527,43941.391792411065,1762
2026-03-11,30479.12200477498,68489.56094945344,51979.10783462648,71573.08213265504,55010.94169939845,57408.243454201256,67193.77906207296,1763
2026-03-12,48482.14904964417,61265.65029547757,43485.819963855516,43942.850769966615,51895.81616598743,44867.86433528415,69925.15353168118,1753
2026-03-13,55883.17206484576,47311.11309445169,45161.141659456785,57420.95372009307,60010.46092567141,47714.00084659981,42333.43412216652,1743
2026-03-14,52809.918677350324,38934.74091258329,46796.5269180568,52992.92580406492,22967.677070007627,40056.50625391488,44504.4286409142,1719
2026-03-15,43773.004801794064,75733.5980324986,54241.65946401916,63017.41289398798,56778.75319530908,24376.663412046895,58595.87886979802,1727
2026-03-16,47918.77749642725,50592.184340144886,55228.35488035499,65615.11196726853,43459.24316872576,48089.72237399831,46128.693502104856,1719
2026-03-17,45069.990653411674,50139.29291912946,44262.99996061421,50320.04149065767,31693.67103143543,74126.15421612916,49545.88782067762,1708
2026-03-18,44106.35243055788,49758.749128899966,49756.45407739017,42465.82129653817,55112.02599524981,57846.04287898024,50253.8842054241,1709
2026-03-19,58496.020970210244,51980.84760767855,71422.70358611865,54599.72142939117,63736.58545162958,49807.396202656055,30803.268438023435,1706
2026-03-20,53570.15485965047,48556.395880760574,67275.43170100711,43222.84630247894,48625.51485372308,47371.09170791732,49861.62253905763,1701
2026-03-21,43070.90404739346,44263.37993119764,54363.23669674032,70133.87247526622,59528.74547202939,50224.658928120465,43102.72225935826,1698
2026-03-22,58995.99875433251,44531.41058759608,50380.034781682,51365.35331082738,66122.78257988645,55471.1911517521,45068.77177600228,1695
2026-03-23,53072.99520876609,49672.46729784002,51200.31326718261,46346.78448687891,63149.144535840474,38191.871846911556,64436.32003468814,1693
2026-03-24,58128.6211883896,44565.75228866235,56135.17972730417,51846.803058649086,66399.64529371393,61143.21694668872,37434.93105720744,1686
2026-03-25,56296.28841923612,42871.54217322836,39772.07434801594,36528.73710470303,57421.27491071892,57153.81315441244,58132.05186747977,1679
2026-03-26,41710.04989077928,51064.30227691897,47426.23462576655,40283.85961489349,50754.33638901593,57181.85725707935,47210.370696681915,1670
2026-03-27,44398.1895980303,47450.227825791444,33314.15926122411,62004.139079444256,33980.34188102832,54384.75738809727,47202.39831504165,1657
2026-03-28,57472.93605123262,65039.92988582689,53992.23122605279,43431.057210286046,47539.37511870051,50196.1665769399,57903.718960517115,1662
2026-03-29,56103.70265433465,23490.30191606988,56471.95939702741,39530.8901731806,41567.53404683808,56728.6123596682,53400.512945688904,1656
2026-03-30,49790.98406035852,60915.06851922462,45168.135377006256,55366.52752527286,71709.42717497813,55918.14133741378,55706.12997219531,1665
2026-03-31,51173.27383308782,62460.85192497629,65739.86763290034,61857.04154662997,48241.141875676636,46459.59289058976,59681.84660532861,1663
2026-04-01,62776.648957884245,29266.097675918507,37742.34336997659,57189.53310665067,51232.04806784486,44263.98227103099,46686.916168166776,1651
2026-04-02,44084.286111641704,46573.12405919651,35356.2511979018,59960.476858058166,55514.85376040467,51018.56295261987,43877.6326549225,1644
2026-04-03,55470.97381170038,46285.59134004208,52244.51818559972,42432.049114305395,50436.024463724534,65490.20151495187,39148.49473442202,1640
2026-04-04,47978.07347566106,35924.88305282179,60470.98302612155,35781.89333258156,66950.51040430753,37608.92924346099,41745.89470021045,1640
2026-04-05,47823.1879677278,42221.833124091245,66839.27691457869,65013.33651955487,43773.50638265548,35324.7473424756,79490.94425308725,1647
2026-04-06,60987.7685198719,38894.24154534171,45411.1573713106,46773.20161157864,51946.074552372425,51647.60841236517,62446.79580736787,1644
2026-04-07,58254.1634898803,67522.70443423622,60786.808334312955,47491.669835449524,42575.29414301952,50508.87701856018,36489.25633791979,1634
2026-04-08,58135.096360006384,59356.78393147461,49614.91530499293,63281.941418490576,36799.77488779294,51733.416643704084,36775.4204325643,1628
2026-04-09,63054.78807154329,62715.550949941586,48273.7270005918,55562.3000940066,43882.30909094714,52439.531979085004,54818.66061718491,1634
2026-04-10,50210.03841632759,57216.72064043235,58836.599374866724,54558.877720816075,49629.63202951588,47767.97745365195,55472.64797377967,1638
2026-04-11,56819.52971294964,38709.482287827705,56523.2287841342,71650.02344901084,45706.9777548274,64898.63438602082,55488.83835317365,1640
2026-04-12,46897.332434065436,44754.79733720226,34236.078430157504,43564.817696198574,43075.79020126144,33990.960215234845,47450.44206446302,1626
2026-04-13,53241.66352488442,54893.74561227918,64765.40349725896,59278.40128081237,35936.82536328166,41715.029752197544,48745.457399971,1627
2026-04-14,48698.56945632315,37778.721911080545,63800.91354147452,50570.13124897084,49168.94427371305,48967.45239850953,53278.79524159357,1632
2026-04-15,50969.95964992718,57129.98430172388,43744.37298490471,52685.92278863257,34952.796259689974,33568.11188845833,50858.9300629333,1624
2026-04-16,55951.57025436914,47596.74601841865,53958.03533437409,65284.68426412532,57600.559636896025,48241.45595567929,27806.996272524648,1626
2026-04-17,41817.79316766527,46251.791924504025,54940.301862827386,55078.357562896235,50824.397529345035,66614.70165728018,47702.003694248066,1633
2026-04-18,70923.8727568546,57109.59968203492,52606.73765823907,55382.96079049633,35424.485005350696,50208.86488295962,41485.93565739686,1629
2026-04-19,39939.82618500298,54442.6331148604,44496.9484615458,60725.07337309802,46907.90922950137,52307.009057186835,51752.11418908512,1634
2026-04-20,37858.113872122674,46390.3383418092,43283.766320619485,46350.47270457115,42478.43594409417,37398.352348274195,79852.5900260341,1637
2026-04-21,61581.10873500068,61593.29803364248,49744.45929008555,41607.903326609936,53191.7451041918,43836.38591960522,53674.816654743045,1640
2026-04-22,57916.62693962936,39189.366724001025,61727.290192593646,39551.90805978967,63404.504460231445,46248.03619676063,46864.70313827602,1644
2026-04-23,56241.19817052155,56159.35606944264,55436.001545944324,30336.434106239984,31248.275303542556,46822.84903243766,59218.01501977252,1638
2026-04-24,56283.4550926428,55931.01257968384,46293.85667913894,70562.07129940322,51150.260791474175,62816.43795003769,54826.87887209213,1650
2026-04-25,49877.53227153085,46904.535606860096,57716.987106483444,38967.916342783166,48398.672044333594,55576.910607251244,54200.944904518416,1651
2026-04-26,41027.456285141685,53261.33022242118,21514.573793699245,47787.46376414228,56713.40076450466,38885.42043062968,56068.50593215671,1648
2026-04-27,50758.045581937266,37488.86423614697,61487.65700372103,47231.86700111079,52131.96628237689,52465.04778432005,70565.43564829542,1659
2026-04-28,43228.38288487888,59240.27019206901,32602.862212219003,53074.06697809101,42480.30668261181,54982.21748496785,38691.115646740844,1649
2026-04-29,59751.197334177516,48150.97863557011,46375.590585968675,58157.37212539297,46809.46064333382,61401.490385212666,54736.32076811454,1659
2026-04-30,48529.42618497861,44772.7697948096,38803.30105373856,58604.734883597455,42039.74143196511,65805.40686568373,40736.18870018462,1656
2026-05-01,41745.028032074886,60490.092258368895,37053.18524279094,44169.22561431061,60760.07138598598,39849.05808172131,55555.12646342248,1665
2026-05-02,46786.14158347007,42956.56309457241,61608.2678737852,48328.782862135886,50213.116486719424,41891.42488789662,40813.13488513906,1667
2026-05-03,54129.31454275624,35915.3870363644,45322.98798688109,52825.799504883,69011.90685753008,37424.22141085384,45826.331863949155,1674
2026-05-04,44362.75447196025,34433.708264760964,53465.038817307155,47513.08873816453,49393.391861853794,47659.80140893019,47049.100857620935,1675
2026-05-05,41777.796044335686,56060.0995134564,49530.79421120816,66073.45576019993,42915.932330895375,54663.58374446334,59758.167193447094,1684
2026-05-06,52436.872114919126,37195.706475037165,54770.408272231216,54909.749516382515,34862.85607387173,59873.34516589102,59184.544439424135,1686
2026-05-07,52449.665711087226,67547.94181984365,50768.218910602554,57348.77786049817,31968.603237440548,49240.48976357477,37542.82623553615,1683
2026-05-08,44930.568246288705,29180.70592116278,37170.077758114305,56628.81268667413,34158.6405699451,46801.52476745156,50549.34110999849,1685
2026-05-09,45289.61694381677,66964.56368290038,59962.6681944714,61734.73857485325,52671.26651011483,51517.579922487406,42904.20145250828,1701
2026-05-10,52320.499373576364,52110.17467202619,45062.43416838688,51810.21558703707,55087.25023229934,41648.57098369977,37414.950893246656,1704
2026-05-11,35519.15658502676,49032.868881296075,34434.181013402485,37031.680520441536,34188.092979678666,70895.38721694774,47829.8294957563,1702
2026-05-12,35925.362256234446,44550.8091319105,45718.84839034088,53996.87951752642,58950.38314076116,33923.38972881941,46915.172115441805,1713
2026-05-13,42815.55778747564,53991.361143520706,65007.59790634311,43486.43106208171,45169.38948316561,51847.40578895724,74267.16486345523,1729
2026-05-14,47865.52848288153,49623.652975751516,58502.21742113493,44713.83318250243,51467.9301198555,70236.06219229639,54329.598253606964,1737
2026-05-15,53109.07565598004,61033.01882016521,46513.47865592141,55863.64018755093,66122.20628255424,50067.99844559998,36223.82499245762,1741
2026-05-16,64753.56216949552,51142.276486620394,46507.42295681571,62382.830714336356,58968.39315865532,48099.609649985054,44352.259958290575,1748
2026-05-17,58576.596232020194,51503.01761461877,46783.64948782617,50212.71576736062,47314.69352094168,46425.545771895726,60213.83295429398,1755
2026-05-18,48400.61470036573,46363.87787786144,70767.4798356084,53088.33012598964,41088.07774584713,48196.08318237592,70884.42772869926,1765
2026-05-19,49809.837920973114,49430.543762789326,53819.35452231553,67022.14944635238,28481.84598670695,63728.4847467653,34140.16687762042,1756
2026-05-20,39974.706353621914,53078.01768892059,54300.4164719107,52407.53179488568,42808.4668075758,27881.38088670493,31200.75614860955,1757
2026-05-21,49814.8686400761,32898.31607343374,60302.83454031842,76016.83114180395,47888.69761172306,65334.33701296325,68709.65175371783,1782
2026-05-22,47113.41361079862,36518.14577894287,52387.891590265135,55655.09645631544,40128.20472848816,35760.42847549855,53896.14177370904,1781
2026-05-23,53227.185603380894,57432.64094022715,47409.578541792966,32392.372408441825,48687.43032907695,47333.47670765585,41317.072681236335,1783
2026-05-24,41727.69056447677,51708.65438127942,48036.501509150214,57533.416211045325,50768.51882958768,45707.55579701338,55346.290861224355,1795
2026-05-25,55193.465142411726,48160.16663647321,49283.98740585936,53811.58384882778,47751.44018191921,55885.532697707196,23642.522609831223,1793
2026-05-26,65327.389130025775,50184.33933065393,49627.777634901584,62897.527540827454,43499.9741917654,34018.75648116252,50033.75506597161,1805
2026-05-27,48912.39851543142,53475.81705361671,57276.2954363698,56731.813512699584,51686.546719667276,54621.726660819426,53278.211728430855,1820
2026-05-28,54017.117220989414,44602.40319690639,50519.458858073,48615.44016016226,54419.40649569409,70243.09623286853,59242.701395378295,1832
2026-05-29,56901.43991711113,42216.95274597687,57326.400772155794,37757.01763710634,39096.00922557154,36368.259954071895,39861.040477074625,1825
